name,ticker,sector,market_cap_bn,description
Banc Balboa,BB,Banks,12.0,Largest Balboan bank; retail, corporate, investment banking; leading P2P and e-banking platform
Abyala Telecom,AT,Telecommunication Services,19.5,Largest telecom provider in southern Abyala and Potocsí; mobile/broadband across Balboa/Potocsí/Tapuya/Lacashe + MVNO in Asikyira/Sanrobonia; ~120M subscribers; founded 1908 as Diànxìn Papoa Sio̍ktē (Zong Balboa state enterprise); privatised 1953; Arimany family 12%; CEO Pere Bosch (ex-TeleVoli); HQ Sant Cristòfor
SY Balboa,SYB,Banks,8.0,Commercial, mortgage, industrial bank; subsidiary of Shangren Yinhang (Zong, 35%); trade finance; founded 1985; HQ Sant Cristòfor
Assegurances Heping,HEP,Insurance,6.0,Largest Balboan insurer; marine, property, life, health, reinsurance; Zong-Balboan origins; 5% Okaiken gov; founded 1975; HQ Sant Cristòfor
Humà Banc Balboa,HB,Banks,5.5,Retail, commercial, and investment bank; subsidiary of Humà Banc (Volisania, 21%); dual-listed APX: HBBS; founded 1991; HQ Sant Cristòfor
BdSC Corporació,BDC,Financial Services,5.0,Financial markets infrastructure (owns Bolsa de Sant Cristòfor, Balboa Comerciants Exchange, ECD); dual-listed on Ampuria Stock Exchange
Casa Balboa,CBS,Banks,4.5,Largest mortgage provider; 50% government-owned; seized during real-estate crisis; founded 1979; HQ Sant Cristòfor
Transisthmus,TIS,Insurance,4.0,Life and health insurer; interior provinces focus; Birú Dale community trust ownership; founded 1982; HQ Sant Bart
Banc de Jala,JLA,Banks,3.5,Largest interior bank; rump state heritage; agricultural and commercial lending; founded 1902; HQ Sant Bart
Banc de l'Istme,BDI,Financial Services,3.5,Diversified financial services; commercial banking, asset management, venture capital, private retirement funds; Ferrer family 20%; founded 1968; HQ Sant Cristòfor
Intercon Mercaderies,ICM,Transportation,8.0,Largest overland freight operator; spun off from Intercon (state rail); road, rail, warehousing, last-mile; cross-border Tapuya/Sinchew; founded 1996; HQ Sant Cristòfor
L'empresa del Canal i el Port,ECP,Transportation,7.0,Port and canal services operator (50% government-owned); provides pilotage, towage, berthing, and port services at Portnou, Sant Llàtzer, and Port of Sant Cristòfor
Navegació de Balboa,NAV,Transportation,5.5,National shipping line; 42 vessels (28 container, 10 bulk, 4 Ro-Ro); crown company origins 1838; revived 1955; HQ Port de Sant Cristòfor
Serveis del Canal de Balboa,SCB,Transportation,5.0,Canal transit and agency services; exclusive pilotage; 280 pilots, 24 tugboats; 14,200 transits/year; government 15%; founded 1961; HQ Portnou
Assegurances Unificades d'Abyala,AUA,Insurance,4.5,Largest cross-border Abyalan insurer; life, property, casualty, agricultural in Potocsí/Abyala/Tapuya; property insurance in Balisca; Potocsí escapee 1979; Verdaguer family 22%; founded 1924 Port Soledat; HQ Sant Cristòfor
Recursos del Marañón,RDM,Metals Mining,5.5,Energy and minerals trader; oil, bauxite, iron ore, coal; dual-listed APX; relocated from Potocsí 1977; Solà family 26%; HQ Sant Cristòfor
Expres Polla,XP,Consumer Services,4.0,Largest fast food chain in Abyala; 1,569 restaurants across Balboa/Potocsí/Balisca/Tapuya/Asikyira/Lacashe/Sanrobonia/Sinchew + 1 in Ampuria (Volisania); Ampuria location (2018) is fast-casual format; pop-ups in Okaiken/Nakamizu; Fosian expansion planned; grilled chicken, fried chicken sandwiches, fries; halal certified; owns Jalapen (acquired Zong Balboa-era soft drink); Chen family 28%; founded 1987 Haicang; HQ Sant Cristòfor
Grup Ciutat Nova,GCN,Real Estate Management Development,7.0,Largest Balboan property developer; shopping centres, residential high-rises, and mixed-use developments in Sant Cristòfor and the Estret corridor
Construccions de Sant Cristòfor,CSC,Real Estate Management Development,5.5,Largest residential developer; apartments and mixed-use; 28,000+ units completed; founded 1962; HQ Sant Cristòfor
Grup JJ,GJJ,Capital Goods,4.5,Largest infrastructure contractor; dams, bridges, highways, tunnels; spun off from Zong parent Jíqìng Jiànzhú in 1960; 12,000 employees; widely held; HQ Sant Cristòfor
Finques Superiors,FNS,Real Estate Management Development,3.5,Luxury high-rise developer; 24 towers (16 SC, 8 Sant Bart); 3,200 units; Vidal family 30%; founded 1985; HQ Sant Cristòfor
Cases Justes,CJ,Real Estate Management Development,3.5,Largest suburban homebuilder and residential landlord; 18,000+ homes built, 4,800 rental homes; Comas family 25%; founded 1978; HQ Sant Cristòfor
HRX,HRX,Consumer Retailing,7.0,Largest department store operator; 58 dept stores, 17 shopping centres, 220 Botiga Ràpida; Black Balboan-founded; GCCT/Tapuya acquisition 2024; founded 1958; HQ El Comerç, Barcelona, Sant Cristòfor
ECafè,ECF,Consumer Services,5.0,Food and package delivery platform; ECartera P2P payments; unprofitable; founded 2015; HQ Dàrsena, Sant Cristòfor
Mercaderies del Canal,MDC,Financial Services,4.0,Commodity trading and export management; 1994 bubble crash trigger; restructured 1994-96; HQ Sant Cristòfor
Companyia Grand Balboa,CGB,Capital Goods,7.0,Largest industrial conglomerate; construction materials, industrial equipment, consumer products; Prat family 24%; founded 1963; HQ Sant Cristòfor
Hirocorp,HRC,Capital Goods,4.2,Largest food processing conglomerate; sugar, coffee, banana, cacao; volatile stock; founded 1976; HQ Sant Cristòfor
Corporació Agrícola de l'Istme,CAI,Food Beverage Tobacco,5.0,Largest listed agricultural operator; sugar, coffee, bananas, palm oil, beef, cotton; founded 1976; HQ Sant Bart
Més Gran Corporació,MSC,Food Beverage Tobacco,3.0,Largest agricultural commodity trader; coffee, sugar, bananas, cacao; 35% of ag exports; Serra family 32%; founded 1872; HQ Sant Cristòfor
Grup Pastel,GPT,Consumer Services,6.0,Largest hotel and holiday package operator; 42 properties; 10% Grup Extraviatjar, 8% BLEC; founded 1978; HQ Sant Cristòfor
Mineria de Mario,MDM,Metals Mining,4.0,Highland mineral extraction and export; gold, copper, silver, nickel, bauxite; founded 1874; HQ Sant Bart
Coccola dels distribuïdors Abyala,CDDA,Food Beverage Tobacco,22.0,Largest Coccola bottler in Abyala; formed 2006 merger of Coccola dari Sanrobonia and Abyala Coccola Corporació; 20 plants across 7 markets (Sanrobonia/Potocsí/Balisca/Tapuya/Balboa/Asikyira/Lacashe) covering 500M+ population; 2.6M retail outlets; HAWT Inc. franchise; dual-listed SRX; Rahman family 11%; HAWT Inc. 35%; HQ Sant Cristòfor; Baliscan plants are worker cooperatives
CIEA,PB,Oil Gas Consumable Fuels,140.0,One of world's largest supermajor oil corporations; integrated petroleum (upstream/downstream/petrochemicals); founded 1936 as Companyia Petrolífera Unida de Balboa (GAW covert oil imports from Ayorin/Sanyan); nationalised post-war as Petrolí de Balboa; privatised 1974 during Balboan recession; merged with Syarikat Minyak Sanrobonian Selatan 1996; oil fields in Sanrobonia and Potocsí (Kuluba basin); principal refining at Badia Curta (Jala province, Shendan coast); supplies 30% of Balisca's oil via COBAL (state oil import entity; COBAL handles 100% of Balisca's oil); dual-listed SCX (PB) and Sanropura Stock Exchange (SMSS); revenue $130B; 55,000 employees; HQ Sant Cristòfor
Grup Mayan,GMAY,Chemicals,5.5,HAWT Inc.'s sole global supplier of coca extract for Coccola; also produces pharmaceutical-grade cocaine for medical use worldwide; sources coca leaves from licensed growers in Balboa and Tapuya; founded 1964; HAWT Inc. 15%; HQ Sant Cristòfor; facilities in Ciutat de l'Estació
Grup Químic Central,GQC,Chemicals,8.0,Balboan fluorochemicals company; PFAS, fluorochemicals, fluoropolymers; critical supplier to semiconductor industries in Balisca and Okaiken; founded 1998 by ex-PDB engineer Francesca Solà i Verdú; pollution controversies in Jala province (2006, 2013, 2019); ~3,500 employees; HQ Sant Cristòfor
Doble8,DBL8,Food Staples Retailing,5.0,Largest convenience store chain in southern Abyala; ~1700 stores across Balboa/Sinchew/Tapuya/Lacashe; founded 8 Aug 1996 by Rafael Vidal i Comas (mixed-race Balboan raised in Sinchewese community); "88" brand from Sinchewese lucky number; 60% company-owned/40% franchise; Vidal family 28%; HQ Districte Financer Sant Cristòfor
Polímers de Balboa,PDB,Chemicals,18.0,One of the world's largest plastics manufacturers; resins, packaging, components, industrial plastics; sources feedstocks from CIEA (12% stake); founded 1979 as Resines Nacionals de Balboa (state-owned); privatised 1994; APX listing 2003; operations in Balboa/Tapuya/Potocsí; 18,000 employees; dual-listed SCX (PDB) and APX (PDB); revenue $12B; HQ Sant Cristòfor
Grup Tècnic Petrolí,GTP,Oil Gas Equipment Services,12.0,Largest oilfield services company in Abyala; refinery construction/maintenance, offshore rigs, parts/materials supply, engineering consulting; founded 1968 by Carles Bonet i Riera (former PB construction engineer); primary contractor for CIEA Badia Curta refinery; also works with PETROPOTO in Potocsí; operations in Balboa/Sanrobonia/Potocsí/Balisca/Tapuya; 12,000 employees; dual-listed SCX (GTP) and SRX (GTP); revenue $6.5B; Bonet family 18%, CIEA 10%, FIDB 8%, BPF 5%; HQ Districte Financer Sant Cristòfor
Nutrició del Món,NDM,Chemicals,18.0,One of the largest nitrogen fertilizer producers in Adonia; ammonia, urea, NPK blends; uses natural gas from CIEA as feedstock; primary fertilizer supplier to Abyalan agriculture (~60% of revenue) and major exporter to Lurandia (~35%); founded 1971 as state-owned Fertilitzants de Balboa; privatised 1988; 2.5M tpa ammonia capacity, 3.5M tpa urea capacity; 15,000 employees; CIEA 7% stake; HQ Zone 2 Sant Bart; factory in Mansió de turó
Energia d'Abyala,EAB,Oil Gas Consumable Fuels,9.0,Balboan energy commodity trader; natural gas, refined products, LNG, power trading; founded 1994 by Joan Ballester i Font (former SY Balboa investment banker); largest dedicated energy trader in Abyala; second-largest commodity trader on Bolsa after RDM; CIEA is largest supplier (long-term purchase agreements, no equity stake); SY Balboa 8% stake from venture investment; 3,500 employees; revenue $10B; HQ Districte Financer Sant Cristòfor
Bitllet per a Abyala,BPA,Financial Services,12.0,Largest homegrown investment bank in Balboa; M&A advisory, equity/debt capital markets, ETFs ($18B AUM), GDRs; founded 2004 by Andreu Calvet i Bosch (former Sanrobonian asset manager); pioneered Abyala Growth Index ETF (2007); GDR program connects Abyalan companies with Sanrobonia $7tn economy; 2,800 employees; revenue $4.2B; Calvet family 24%, FIDB 7%, BPF 5%; HQ Districte Financer Sant Cristòfor
Corporació Bancària del Nou Món,CBNM,Banks,80.0,Largest multinational bank in southern Abyala; founded 1789 as Banc Volisanià d'Estranger in colonial Sant Cristòfor; moved HQ to Potocsí after Second War of the Isthmus (1899); returned to Sant Cristòfor after Camboriú War (1977); renamed CBNM 1981; largest markets Potocsí (500 branches) and Tapuya (350 branches); strong presence in Sant Cristòfor; Sanrobonia branches serve Volisanian-speaking community; dual-listed SCX + APX; 48000 employees; 1200 branches; revenue $18B; assets $420B; HQ Districte Financer Sant Cristòfor
Corporació Nacional de Fabricants de Solvents,CNFS,Chemicals,3.8,Largest solvent manufacturer in Balboa; aromatic and aliphatic solvents from CIEA refinery byproducts; founded 1971 by Jordi Puig i Soler (former CIEA refinery engineer); Puig family 18%; CIEA 10%; 2800 employees; revenue $2.5B; main plant at Badia Curta Jala province; HQ Districte Financer Sant Cristòfor
Companyia Química Occidental,CQO,Chemicals,11.0,Diversified chemicals; polysilicon hydrogen peroxide fumed silica coal tar pitch BTX phosphoric acid HSPP; merger 1954 during AC mandate period of Papoa Siokte Huàxué (founded 1928 in Portnou) and Corporació Química Unida de Balboa (1934); moved to Badia Curta 1964; Lîm family 12%; CIEA 5%; FIDB 5%; CEO Jericho Warag (Burawi-Balboan); 9000 employees; revenue $8B; major exporter to Okaiken Balisca Louyang Breisland United Midlands; HQ 112 Carrer 5è Zone 2 Sant Bart; main plant Badia Curta Jala province; export terminal Port de Portnou
Grup Rojo,GRO,Chemicals,6.5,Oxo alcohols plasticizers polyethylene; founded 1968 by Pere Rojo i Vidal (former CIEA refinery engineer); steam cracker at Badia Curta; competes with PDB in polyethylene; Rojo family 15%; CIEA 8%; FIDB 6%; BPF 4%; 4500 employees; revenue $4.5B; HQ Zone 2 Sant Bart; main plant Badia Curta Jala province; export terminal Port de Portnou
Jalube,JLB,Chemicals,3.5,Largest domestic finished lubricants producer; automotive industrial marine lubricants; synthetic base stocks (esters PAO); also adipate plasticizers (DOA DIDA); founded 1972 by Jordi Serra i Pujol; Serra family 18%; FIDB 5%; BPF 4%; 3000 employees; revenue $2.5B; HQ Zone 2 Sant Bart; marine facility Port de Sant Cristòfor; competes with Grup Rojo in adipate plasticizers
