rank,name,ticker,sector,market_cap_bn,description
1,CIEA,PB,Oil Gas Consumable Fuels,140.0,One of world's largest supermajor oil corporations; integrated petroleum; dual-listed SCX + SRX; revenue $130B; 55000 employees; HQ Sant Cristòfor
2,Corporació Bancària del Nou Món,CBNM,Banks,80.0,Largest multinational bank in southern Abyala; founded 1789 as Banc Volisanià d'Estranger; dual-listed SCX + APX; 48000 employees; 1200 branches; HQ Sant Cristòfor
3,Coccola dels distribuïdors Abyala,CDDA,Food Beverage Tobacco,22.0,Largest Coccola bottler in Abyala; 20 plants across 7 markets; dual-listed SRX; Rahman family 11%; HAWT Inc. 35%; HQ Sant Cristòfor
4,Abyala Telecom,AT,Telecommunication Services,19.5,Largest telecom provider in southern Abyala; ~120M subscribers; Arimany family 12%; HQ Sant Cristòfor
5,Nutrició del Món,NDM,Chemicals,18.0,One of largest nitrogen fertilizer producers in Adonia; CIEA 7% stake; 15000 employees; HQ Sant Bart
6,Polímers de Balboa,PDB,Chemicals,18.0,One of world's largest plastics manufacturers; dual-listed SCX + APX; CIEA 12% stake; 18000 employees; HQ Sant Cristòfor
7,Grup Tècnic Petrolí,GTP,Oil Gas Equipment Services,12.0,Largest oilfield services company in Abyala; dual-listed SCX + SRX; Bonet family 18%; CIEA 10%; 12000 employees; HQ Sant Cristòfor
8,Banc Balboa,BB,Banks,12.0,Largest Balboan bank; retail corporate investment banking; leading P2P and e-banking platform; HQ Sant Cristòfor
9,Bitllet per a Abyala,BPA,Financial Services,12.0,Largest homegrown investment bank; ETFs ($18B AUM) GDRs; Calvet family 24%; 2800 employees; HQ Sant Cristòfor
10,Companyia Química Occidental,CQO,Chemicals,11.0,Diversified chemicals; polysilicon hydrogen peroxide fumed silica coal tar pitch BTX phosphoric acid HSPP; merger 1954 during AC mandate period of Papoa Siokte Huàxué (founded 1928 in Portnou) and Corporació Química Unida de Balboa (1934); moved to Badia Curta 1964; Lîm family 12%; CIEA 5%; FIDB 5%; CEO Jericho Warag (Burawi-Balboan); 9000 employees; revenue $8B; major exporter to Okaiken Balisca Louyang Breisland United Midlands; HQ Sant Cristòfor; main plant Badia Curta Jala province; export terminal Port de Portnou
11,Energia d'Abyala,EAB,Oil Gas Consumable Fuels,9.0,Largest dedicated energy trader in Abyala; natural gas refined products LNG power; SY Balboa 8%; 3500 employees; HQ Sant Cristòfor
12,Grup Químic Central,GQC,Chemicals,8.0,Fluorochemicals; PFAS fluoropolymers; critical semiconductor supplier; founded 1998; 3500 employees; HQ Sant Cristòfor
13,Intercon Mercaderies,ICM,Transportation,8.0,Largest overland freight operator; road rail warehousing last-mile; cross-border Tapuya/Sinchew; HQ Sant Cristòfor
14,SY Balboa,SYB,Banks,8.0,Commercial mortgage industrial bank; subsidiary of Shangren Yinhang (Zong 35%); trade finance; HQ Sant Cristòfor
15,L'empresa del Canal i el Port,ECP,Transportation,7.0,Port and canal services operator (50% government-owned); pilotage towage berthing; HQ Sant Cristòfor
16,HRX,HRX,Consumer Retailing,7.0,Largest department store operator; 58 dept stores 17 shopping centres 220 Botiga Ràpida; Black Balboan-founded; HQ Sant Cristòfor
17,Grup Ciutat Nova,GCN,Real Estate Management Development,7.0,Largest Balboan property developer; shopping centres residential high-rises mixed-use; HQ Sant Cristòfor
18,Companyia Grand Balboa,CGB,Capital Goods,7.0,Largest industrial conglomerate; construction materials industrial equipment consumer products; Prat family 24%; HQ Sant Cristòfor
19,Grup Rojo,GRO,Chemicals,6.5,Oxo alcohols plasticizers polyethylene; founded 1968 by Pere Rojo i Vidal (former CIEA refinery engineer); steam cracker at Badia Curta; competes with PDB in polyethylene; Rojo family 15%; CIEA 8%; FIDB 6%; BPF 4%; 4500 employees; revenue $4.5B; HQ Zone 2 Sant Bart; main plant Badia Curta Jala province; export terminal Port de Portnou
20,Grup Pastel,GPT,Consumer Services,6.0,Largest hotel and holiday package operator; 42 properties; 10% Grup Extraviatjar; HQ Sant Cristòfor
21,Assegurances Heping,HEP,Insurance,6.0,Largest Balboan insurer; marine property life health reinsurance; Zong-Balboan origins; 5% Okaiken gov; HQ Sant Cristòfor
22,Corporació de Plàstics Jala,CPJ,Chemicals,5.5,High-performance engineering plastics; PEEK PAI PBI ECTFE PI PTFE; spun off from Grup Rojo in 1984; Jala-region name reflects the industrial district in Jala province; Grup Rojo 22%; FIDB 6%; BPF 4%; 2600 employees; revenue $3.1B; HQ Zone 2 Sant Bart; main complex Jala province; exports to Europe Balisca Okaiken Tapuya Sanrobonia; specialized supplier to aerospace electronics chemical processing medical devices
23,Recursos del Marañón,RDM,Metals Mining,5.5,Energy and minerals trader; oil bauxite iron ore coal; dual-listed APX; Solà family 26%; HQ Sant Cristòfor
24,Navegació de Balboa,NAV,Transportation,5.5,National shipping line; 42 vessels; crown company origins 1838; HQ Port de Sant Cristòfor
25,Humà Banc Balboa,HB,Banks,5.5,Retail commercial investment bank; subsidiary of Humà Banc (Volisania 21%); dual-listed APX; HQ Sant Cristòfor
26,Grup Mayan,GMAY,Chemicals,5.5,HAWT Inc. sole global supplier of coca extract for Coccola; pharmaceutical-grade cocaine; HAWT Inc. 15%; HQ Sant Cristòfor
27,Construccions de Sant Cristòfor,CSC,Real Estate Management Development,5.5,Largest residential developer; apartments mixed-use; 28000+ units completed; founded 1962; HQ Sant Cristòfor
28,Serveis del Canal de Balboa,SCB,Transportation,5.0,Canal transit and agency services; exclusive pilotage; 280 pilots 24 tugboats; government 15%; HQ Portnou
29,ECafè,ECF,Consumer Services,5.0,Food and package delivery platform; ECartera P2P payments; unprofitable; founded 2015; HQ Sant Cristòfor
30,Doble8,DBL8,Food Staples Retailing,5.0,Largest convenience store chain in southern Abyala; ~1700 stores; Vidal family 28%; HQ Sant Cristòfor
31,Alumini de Balboa,ALB,Metals Mining,1.5,Primary aluminium smelting; Yalabirga hydropower-powered; bauxite→alumina→ingots; government 15% CIEA 8% FIDB 5%; 3000 employees; revenue $1.5B; HQ Badia Curta Jala; smelting facilities Yalabirga foothills
32,Metalls del Yalabirga,MYL,Metals Mining,1.0,Non-ferrous metals smelting (aluminium + copper); Yalabirga hydropower; FIDB 6% BPF 4%; 2000 employees; revenue $1.0B; HQ Sant Bart Jala; facilities Yalabirga foothills
33,Laminats de Balboa,LDB,Capital Goods,0.8,Aluminium rolled products (sheet plate foil); downstream of Alumini de Balboa; Alumini de Balboa 15% stake; 1500 employees; revenue $0.8B; HQ Badia Curta Jala; supplies processed food packaging + construction
34,Extrusions de l'Istme,EXI,Capital Goods,0.6,Aluminium extrusions (profiles structural components tubes); downstream of domestic processing chain; BPF 4%; 1200 employees; revenue $0.6B; HQ Sant Bart Jala; supplies construction + assembly sector
35,Grup Wuling,WUL,Consumer Retailing,0.52,Largest domestic fashion retailer; 147 stores; brand franchises (Gir Massiu etc) + Saldos off-price chain (38 stores) + in-house labels (Cotidià Península Estoc); Wuling family 28%; FIDB 7%; 4200 employees; revenue $680M; HQ Sant Cristòfor
36,ViatgeBalboa,BBA,Technology,0.31,Online travel agency and local search platform (boaboa.com); hotel booking + restaurant reviews + attraction ticketing + transport booking; 4.2M monthly active users; 3200 accommodation partners + 8500 restaurant listings; founded 2008; Riera family 12% Okafor family 9% FIDB 5%; 650 employees; revenue $95M; HQ Sant Cristòfor
37,Tèxtils Nacionals Balboa,TNB,Textiles,0.391,Largest domestic textile manufacturer; origins 1860s colonial cotton mills; contract manufacturing for BTPMEU brands; 5200 employees; revenue $520M; HQ Sant Cristòfor; facilities Sant Cristòfor + Sant Bart
37,Lycan,LYC,Chemicals,0.418,Polyester chips and filaments; upstream of synthetic fiber supply chain; founded 1979; pipeline-fed from Badia Curta; 1900 employees; revenue $360M; HQ Badia Curta Jala
38,Opal,OPA,Chemicals,0.325,Synthetic fiber manufacturer (polyester nylon acrylic); founded 1986; 55% exported to BTPMEU; 1400 employees; revenue $280M; HQ Sant Bart
39,Distribuïdors globals de sabates de Balboa,DSB,Consumer Retailing,0.24,Largest specialised footwear retailer; 86 stores; brand stores + Passos multi-brand chain (44 stores) + in-house labels (Camí Petjada); Orriols family 31%; FIDB 6%; 2100 employees; revenue $310M; HQ Sant Cristòfor
40,Horaci Eduard Molí,HEM,Textiles,0.215,Integrated textile mill; full chain from spinning to garment assembly; founded 1972; sources fiber from Opal and Lycan; 2800 employees; revenue $190M; HQ Sant Cristòfor; facilities Sant Bart
41,Muntatge Automobilístic de Balboa,MAB,Capital Goods,0.18,Multi-brand CKD vehicle assembler; ~12K vehicles/year; primarily SKQ and Vidal EVs; founded by ex-Yonezawa Balboa manager; 800 employees; revenue $220M; HQ Portnou
42,Teixits Tècnics de Balboa,TTB,Textiles,0.155,Performance fabric contract manufacturer; moisture-wicking patent; 25% Grup Ella owned; exports worldwide via Gir/Massiu; 1100 employees; revenue $135M; HQ Sant Bart
43,Lloguer i Viatges de l'Istme,LVI,Consumer Services,0.145,Car rental and coach tour operator (IstmeLloguer brand); 12 rental locations + 45 coaches; 35% EV fleet; 1600 employees; revenue $185M; HQ Sant Cristòfor
44,Components Automobilístics de l'Istme,CAU,Capital Goods,0.14,Auto parts manufacturer (brakes suspension exhaust EV battery housings); supplies CKD ops + aftermarket; sources steel from Acereries de l'Istme and Foneria General; 1000 employees; revenue $170M; HQ Sant Cristòfor
45,Distribució Automobilística de Balboa,DAB,Consumer Retailing,0.11,Dealership group; 11 locations across 5 provinces; franchises for Sparc CdV BYD Yonezawa Vidal SKQ; 55% new sales 30% used 15% servicing; 700 employees; revenue $340M; HQ Sant Cristòfor
46,Carrosseries de Balboa,CRR,Capital Goods,0.095,Bus and truck bodybuilder; BYD bus bodies for Sant Cristòfor transit; 500 employees; revenue $120M; HQ Sant Cristòfor
47,Acabats i Tints de Balboa,ATB,Textiles,0.088,Textile wet processing and finishing; dyeing printing bleaching; B2B service; sources dyes from Badia Curta; 850 employees; revenue $72M; HQ Sant Bart