team,country,players,notes
Dakare,Dakare,Cabdi Xirsi Rooble;Markos Salib;Roob-geedi Dhul-jeed;Waaq-rooble Qorax-dhawe;Paulos Masiih;Dhuxul Xasan;Luqas Injiil;Antoni Cabdalle;Cir-badh Dayax-jiid;Markus Krastos;Sebas Cilmi;Mique Xasan;Yohanna Batsilika;Shiire Xaashi;Xacmu Xirsi;Gabrie Xasan;Cumar Cabdille;Dhul-jeed Roob-geedi;Dhaxol Shiire;Cabdalle Xaaji;Xiddig Xasan;Petros Ilyas;Vicens Xirsi;Waaq-dhug Qorax-joog;Joxan Shire,2022 current squad
Sarafone,Sarafone,Dominiq Cilmi;Kadar Xasan;Roob-dhage Dhul-jeed;Waaq-ade Cir-badh;Qaasim Dhaxol;Yaxye Cumar;Paulos Masiih;Andria Xaashi;Dhuxul Xasan;Luqas Salib;Antoni Cabdalle;Francesc Xirsi;Markus Krastos;Sebas Cilmi;Mique Xasan;Stefa Dhuxul;Shiire Xaashi;Dayax-jiid Qorax-dhawe;Xaaji Cabdalle;Gabrie Xasan;Cumar Cabdille;Yohanna Batsilika;Dhaxol Shiire;Xiddig Xasan;Waaq-yeelo Roob-geedi,2022 current squad
Tapuya,Tapuya,Marc Rovira;Nil Boix;Ferran Pujol;Jordi Cendra;Oriol Masdéu;Adrià Salvat;Pau Sagnier;Biel Borràs;Jan Martí;Guillem Roca;Tomàs Soler;Arnau Estanyol;Miquel Mora;Roger Riera;Xavi Ferrer;Pol Vidal;Sergi Llorens;Àlex Boix;Arnau Vidal;Joan Miró;Oriol Pons;Pau Borrell;Marc Ferrandis;Biel Cendra;Nil Marín,2022 current squad
Shansi,Shansi,Tsang Chun-yiu;Chow Ho-yeung;Lam Tik-chun;Leung Ka-chun;Wong Wai-keung;Cheung Ka-lok;Chan Chun-hei;Lee Tsz-yin;Ng Ka-chun;Cheng Ho-fung;Chow Wai-hin;Lam Chun-yiu;Tsang Ka-hei;Chan Ho-yin;Cheung Tsz-kin;Wong Chun-kit;Leung Ho-yeung;Ng Tsz-hin;Cheung Ho-fung;Lee Ka-wai;Chan Chun-yin;Wong Tsz-lok;Lam Ho-yeung;Cheng Ka-hei;Chow Chun-hei,2022 current squad
Skade,Skade,Erik Johansen;Thomas Nilsen;Anders Haugen;Magnus Solberg;Bjørn Larsen;Ole Kristiansen;Svein Hovland;Henrik Dahl;Kristian Fosse;Lars Eriksen;Petter Strand;Jonas Nygaard;Martin Holm;Stian Røed;Eirik Bakke;Vegard Moen;Tore Hansen;Ørjan Lillebæk;Svein Hovland;Andreas Myklebust;Jørgen Solli;Emil Tveit;Mats Rønning;Håvard Berge;Simen Kvistad,2022 current squad
Kwangju,Kwangju,Kim Min-jae;Lee Seung-hyun;Cho Tae-hee;Park Jung-min;Jung Tae-woo;Yoon Sang-ho;Choi Dong-hyun;Kang Ji-won;Han Seo-jun;Lim Kyu-jin;Seo Jung-hoon;Ha Sung-min;Song Hyun-woo;Lee Jae-hyuk;Kwon Si-yoon;Baek Ji-hoon;Shin Woo-jin;Nam Tae-joon;Choi Sung-hwan;Kim Do-yeon;Park Soo-min;Jung Hyun-woo;Yoon Tae-woo;Lee Chan-hee;Cho Ji-hoon,2022 current squad
Balisca,Balisca,Marc Soler i Vidal;Iker Goikoetxea;Koa Kamana;Aitor Etxebarria;Babatunde Soler;Carles Rovira i Bosch;Eneko Agirre Zabala;Hassan ibn Rashid;Lin Zhiyuan;Antón Otegi Aranburu;Nil Ferrer Domènech;Amadou Diallo;Youssef al-Bashir;Mateo Diallo;Chen Wei-long;Pau Domènech i Ferrer;Oluwaseun Adebayo;Raj Kwaray;João Pedro da Costa;Sebastián Herrera García;Tariq al-Mansouri;Kalinga Magsaysay;Tāne Mahelona;Kenji Nakamura;Kwame Asante,2026 current squad
Volisania,Volisania,Arnau Solé;Biel Marín;Pau Cendra;Jordi Masdéu;Nil Ferrer;Marc Salvat;Pau Roca;Miquel Sagnier;Oriol Borràs;Jan Vidal;Llorenç Pujol;Bernat Soler;Ferran Vidal;Pau Llorens;Arnau Bellmunt;Roger Martí;Joan Estanyol;Guillem Mora;Tomàs Riera;Marc Vidals;Adrià Serra;Xavi Boix;Àlex Pons;Pol Miró;Sergi Borrell;Oriol Ferrandis,2026 current squad
Balboa,Balboa,Xavi Bonet;Kwame Lòrda;Rafa Torralba;Djanol Brifà;Sèrgi Campdepadròs;Mamadou Fofana;Jordi Rovira;Junyi Diafara;Wei Orpella;Pape Kandé;Oscar Mifà;Makèna Diouf;Kèsim Vidal;Adama Touré;Nèstir Cavall Jr.;Yassine Brifà;Hao Xifra;Fatoumata Diallo;Lin Sanclimenti;Yuto Mifà;Janluca Bicari;Moussa Kéba;Kenji Mifà;Lluís Campdepadròs;Chen Fofana;Liang Cavall,2026 current squad
Burawa,Burawa,Petre Xirsi;Qaasim Dhaxol;Yaxye Cumar;Xirsi Shire;Andria Xaashi;Dhuxul Xasan;Luqas Xaaji;Antoni Cabdalle;Francesc Xirsi;Markus Dhane;Sebas Cilmi;Mique Xasan;Stefa Dhuxul;Shiire Xaashi;Xacmu Xirsi;Gabrie Xasan;Cumar Cabdille;Qaali Cabdille;Dhaxol Shiire;Xiddig Xasan;Rafa Dhane;Vicens Xirsi;Toma Dhane;Joxan Shire;Dominiq Cilmi;Kadar Xasan,2026 current squad
Varkana,Varkana,Hugo Loria;Luka Paliashvili;Gigo Bugadze;Berita Parjiani;Danieli Vardi;Vakhtang Dogonadze;Ilia Vekua;Hector Balanchivadze;Revaz Rapava;Ari Maisuradze;Andria Kereselidze;Henrikh Dvali;Badri Basilaia;Ari Vinikis;Revaz Ninidze;Andria Rachvelishvili;Giorgi Zakariadze;Xherdan Chiaureli;Damian Ananidze;Ari Kenia;Elia Arsenidze;Otar Danelia;Marios Arnautovich,2026 current squad
Okaiken,Okaiken,Kenzo Sato;Nobu Matsui;Koshiro Abe;Daiki Enomoto;Genki Muro;Takeru Iwano;Kazuki Ota;Hiroki Arima;Takumi Ueda;Shinji Goya;Jumbo Ota;Issei Kawada;Ryotaro Shima;Toshio Kaneko;Keisuke Honda;Ryuichi Koga;Yuki Kagawa;Sota Hino;Makoto Ito;Eiji Miyamoto;Tadaoki Kawabe;Jiro Tanaka;Shohei Saito,2026 current squad
Jarin,Jarin,Petros Shimora;Yohannes Morentu;Gabriel Tokar;Mikael Nakfa;Lukas Kettai;Tesfaye Elagaz;Amanuel Apollonia;Dawit Olbia;Kidus Agig;Fikru Halfele;Henok Barenki;Mesfin Asarka;Yosef Dalwan;Henok Sinkat;Dawit Bishimala;Tewelde Gebeit;Getachew Attawak;Samuel Balhal;Desta Halaib;Solomon Ercabat;Yonatan Tokar;Abreham Nakfa;Natan Shimora;Mulugeta Morentu;Tesfaye Elagaz;Yohannes Kettai,2026 current squad
Asikyira,Asikyira,Amadou Baal;Boubacar Sarr;Idrissa Koné;Ousmane Gueye;Kofi Mensah;Salif Diarra;Mamadou Diallo;Moussa Traoré;Ibrahima Cissé;Pape Ndiaye;Seydou Barry;Bamba Cissé;Aminata Ndiaye;Cheikh Fall;Issa Camara;Balla Jallow;Lamine Sow;Fatou Touré;Khadim Ndao;Abdoulaye Sow;Oumar Ba;Salif Gassama;Saloum Kane;Pape Niasse;Amara Ba;Mariama Cissé,2026 current squad
United Midlands,United Midlands,Oliver Hartley;Samuel Wren;Ethan Mercer;Thomas Vale;Callum Ashby;Daniel Rowe;Henry Bell;Lewis Hargreaves;Adrian Lowe;Marcus Pritchard;Jordan Sloane;James Hart;Elliot Mercer;Ryan Fletcher;Oliver Hartley;Philip Mercer;Aaron Bell;Michael Rowland;Victor Lane;Daniel Brooks;Callum Price;Noah Bennett;Adam Reed;Tom Ellery;Ryan Carter;Jack Foster,2026 current squad
Daras,Daras,Chen Zihang;Wang Yuchen;Li Haoran;Zhang Mingxuan;Liu Zhenyu;Zhou Jianwei;Xu Haotian;Sun Minghao;Guo Yifan;He Junbo;Peng Zhihao;Zhang Weishi;Lin Haoyang;Qian Yiming;Chen Zekai;Hu Junyao;Jiang Weilin;Wang Ruihan;Luo Zhenyu;Liang Rui;Zhao Wenhao;Ma Zixuan;Tang Yuchen;Jin Zhiming;Shen Kaixi;Fang Haoran,2026 current squad
Louyang,Louyang,Chen Minghao;Li Zhiyuan;Sun Yichen;Wang Zhenkai;Liu Qiming;Zhang Rui;Zhou Yuhan;Xu Zhiyuan;Gao Haoran;Hu Weijie;Peng Zhenyu;Zhang Yiming;Liu Haoran;Qian Jiahui;Luo Zekai;Tang Weilin;Jiang Yuxuan;Shen Yuhuai;Ma Cheng;Lin Rui;Wu Zhaohui;Zhu Wenbo;Fang Yichen;He Zeming;Guo Jiapeng;Deng Haoyu,2026 current squad
Nusaraya,Nusaraya,Bagas Prasetyo;Dimas Saputra;Yudha Permana;Rendra Wicaksono;Bayu Adinata;Jatmiko Wibowo;Fajar Kusuma;Surya Pamungkas;Prasetya Nugroho;Wisnu Haryanto;Mateus Belo;Arga Pranata;Jaka Mahendra;Danang Purnomo;Nanda Wiryawan;Yosafat Guterres;Rangga Cakraningrat;Aditya Baskara;Satrio Jayengrat;Bima Perkasa;Raden Arya Kusumadewa;Miguel Herrera;Andika Setiawan;Javier Morales;Agung Prabowo;Raka Wiranegara,2026 current squad
Pangkajene,Pangkajene,Andi Akbar;Muhammad Asri;Daeng Naba;Andi Fadli;Baso Rahman;Jamaluddin Tiro;Arsyad Mappaselle;Syahrul Mallongi;Tenri Pabbenteng;Abdul Rasyid;Andi Muis;La Ode Firman;Syamsuddin Patta;Nurdin Daeng Rani;Nguyễn Minh Hải;Ahmad Safwan;Mappajanci Yusuf;Iskandar Salleh;Andi Muhammad Irwan;Baso Latief;Kenji Takahashi;Ilham Daeng Rate;Alejandro Morales;Fikri Mappatunru;Tran Quoc An,2026 current squad
Orma,Orma,Mikael Dirra;Yohannes Goba;Simeon Wadara;Abel Kembara;Yohannes Dhelara;Samuel Wadara;Kidus Nefari;Danial Tefi;Abreham Goba;Fikru Adara;Henok Lufara;Mesfin Dirra;Yosef Harota;Henok Kembara;Getachew Dirran;Tewelde Wadara;Yared Nefari;Samuel Dhelara;Getu Goba;Tesfaye Harota;Elior Goba;Yonatan Wadara;Kidan Dirra;Mulugeta Dhelara;Yohannes Adara;Abraham Lufara,2026 current squad
Sarta,Sarta,Adrià Vives;Pau Mena;Álvaro Serra;Jordi Siles;Marc Ferrer;Nil Cárdenas;Pau Riera;Xavi Molina;Arnau Vidal;Sergi Prats;Iker Salvat;Joan Torres;Gerard Soler;Àlex Navarro;Ferran Pujol;Pau Castaño;Oriol Miret;Mateo Roca;David Llorca;Miquel Ríos;Dani Varela;Víctor Gallardo;Jan Esteve;Hugo Crespo;Lluís Montiel;Àngel Prats,2026 current squad
Aetolia,Aetolia,Nikos Stavridis;Petros Kallis;Dimitris Arvanitis;Andreas Markou;Christos Vassilakis;Ioannis Raptis;Kostas Theodorou;Stelios Papanikou;Marios Georgiadis;Vangelis Mylonas;Lefteris Kydonas;Alexandros Karamis;Nikolaos Sifakis;Themis Korais;Yannis Pappas;Petros Lykos;Andreas Ktenas;Christos Mavridis;Spiros Kanelos;Giorgos Anastas;Manolis Zervas;Nikos Koutsis;Stavros Perides;Leonidas Sarris;Theo Paliou;Marios Dalianis,2026 current squad
Kaneda,Kaneda,Jinzaburō Satō;Takayoshi Nakamura;Edward Mercer;Naomasa Kuroda;Harunobu Skagit;Katsunori Hayashi;William Bennett;Shigetsuna Mori;Takeru Niska;Hiroshi Fujimoto;Munetaka Okamoto;Kenjiro Takeda;Renji Tsukwalt;Naoki Chan;Motoharu Fujimoto;Thomas Whitaker;Kiyomasa Ahten;Masatsugu Endō;Yasunaga Takeda;Kenji Lau;Kichirō Bennett;Shōbei Kanim;Wong Ka-ming,2026 current squad
Kalisongo,Kalisongo,Bayu Ndlovu;Arga Moyo;Prasetyo Duma;Jaya Khumalo;Damar Sibanda;Rendra Mbeki;Wira Ncube;Aditya Nkomo;Pandu Zulu;Arif Dlamini;Bima Nyathi;Rama Maseko;Wisnu Dube;Fajar Ndlovu;Satya Moyo;Guntur Khosa;Arya Sibeko;Rangga Ncube;Dewa Nkomo;Mahesa Dlamini;Banyu Nyoni;Raka Ndlovu,2026 current squad
Dagit,Dagit,Mateo Hofileña;Carles Benedicto;Pau Locsin;Enrique Yulo;Jordi Maceda;Salvador Montinola;Oriol Araneta;Ricardo Roxas;Gerard Aquino;Antonio Dasmariñas;Ferran Gonzaga;Nicanor Padilla;Miquel Treñas;Lluís Hofileña;Vicenç Gastardo;Nil Yanson;Ronaldo Mendoza;Joaquim Sotomil;Xavi Lacunya;Pere Comandante;Arnau Silvosa;Biel Laxamana;Rafel Maceda;Esteve Gonzales;Quim Albayalde;Jan Delima,2026 current squad
Tamazgha,Tamazgha,Amastan ag Mohamed;Ibrahim ou Maha;Mouha ag Akli;Assouf ag Ibrahim;Mohamed ag Baye;Yahya ou Said;Kheir ag Amud;Issa ag Musa;Tafiq ou Menna;Sidi ag Mohamed;Ahmoud ag Akote;Mamadou ou Ali;Zeid ag Waheb;Kheddou ag Boubacar;Brahim ou Ahmed;Djibril ag Mossa;Ahmed ag Khamis;Moussa ou Zaid;Tandja ag Hamid;Ehouan ag Yaya;Hamid ag Souley;Intallah ag Oumar,2026 current squad
Sanyan,Sanyan,Adewale Okoro;Olumide Akinwande;Kofi Mensah-Browne;Chidi Eze;Tariq Olatunji;Babatunde Akinwande;Oluwaseun Adeyemi;Kayode Ogunleye;Marc Torres i Vidal;Ayodele Fasanya;Nnamdi Chukwu;Olamide Bakare;Ifeanyi Udeze;Temitope Olayinka;Chijioke Nnamdi;Adebowale Adesina;Segun Odegbami;Obinna Nsofor;Dele Adeyemi;Chukwuma Okafor;Ademola Lookman;Yusuf Amoo,2026 current squad
Nakamizu,Nakamizu,Kaito Nakamura;Shunpei Watanabe;Ryōma Fujii;Haruki Saitō;Takumi Kobayashi;Daichi Yamamoto;Yūto Matsuda;Ren Ishikawa;Kōhei Nishimura;Sōta Kurokawa;Naoki Hasegawa;Tatsuya Endō;Kenta Yoshida;Ryūsei Tanaka;Shōhei Okada;Yūma Sugawara;Keisuke Arai;Junpei Nakajima;Hayato Morita;Sora Fujimoto;Masato Kitagawa;Hiroto Takahashi;Kōta Miura;Riku Inoue;Shō Yamashita;Takeru Ueda;Akito Fujimori;Ryōhei Kanda,2026 current squad
Sanrobonia,Sanrobonia,Dante Palar;Gabriel Somba;Fikri Batara;Malik Tallo;Jafar Palar;Rasyid Muis;Rizal Palar;Malik Banua;Arman Daeng;Faris Somba;Akram Arung;Ismael Cruz;Arya Mallawa;Rahman Banoa;Farhan Somba;Naufal Arung;Marco Somba;Aldo Tallo;Fikran Batara;Rizan Banua;Ruben Daeng;Arga Daeng;Ilham Muis;Niko Daeng;Emil Palar;Jairo Banua;Hafiz Lontara;Akmal Tallo,2022 current squad
Breisland,Breisland,Florian Hartmann;Niklas Drexler;Bastian Kellermann;Tobias Schäfer;Marcel Wirth;Jan Möller;Dominik Braun;Felix Krause;Lennart Vogt;Lukas Brenner;Maximilian Riedel;Sebastian Kuhn;Leon Pfeiffer;Julian Becker;Kai Westhoff;Nico Mahler;Stefan Kirsch;Andreas Wolff;Tim Richter;Philipp Langer;Matthias Gruber;Daniel Fuchs;Oliver Neumann;Simon Eckert;Lukas Zimmermann;Erik Hahn,2022 current squad
Sinchew,Sinchew,Zhang Minghao;Chen Yuhang;Li Zhendong;Wang Zhenyu;Liu Qiming;Zhou Haoran;Tan Weijie;Lim Kiat;Ong Zhihao;Goh Jianwei;Chua Junhao;Huang Zekai;Xu Yiming;Luo Chenghui;Lin Haoran;Yeo Wenxuan;Chee Kian;Teo Kaifeng;Pan Ruilin;Chen Junjie;Zhao Yuchen;Koh Zhenyu;Ng Weihao;Tan Jiehao;Goh Mingzhe;Lim Yijun,2022 current squad
Tondano,Tondano,Jordan Wenas;Calvin Mokoagow;Elia Tampi;Daniel Runtuwene;Samuel Mandagi;Ezra Kaligis;Nathan Palandeng;Adrian Mambu;Joshua Pontoh;Rafael Pangemanan;Reza Kuhu;Jeremy Sondakh;Michael Luntungan;Fikri Mopangga;David Paat;Marco Dunggio;Nabil Ampatuan;Gavin Rondonuwu;Stefan Sumual;Nico Mangindaan;Alif Mambuay;Rafael Tulung,2022 current squad
Louyan,Louyan,Chen Jiahao;Lin Yao;Wu Shen;Wang Chao;Li Wen;Zhao Lei;Sun Wei;Liu Ming;Ma Jun;Qian Hao;Gao Rui;Huang Zemin;Xu Qiang;Zhou Yifan;Chen Rui;Deng Xia;Luo Ming;Tang Jie;He Yuan;Luo Cheng;Lin Haoran;Yang Kai;Zhou Lin,2022 current squad
Galwa,Galwa,Petre Hargiesa;Qaasim Bejol;Yaxye Hargan;Markus Hargiesa;Luqas Bejol;Antoni Varaan;Gabriel Nuuran;Vicens Hargan;Dominiq Kadrim;Paule Caliya;Toma Lemaur;Mique Hargiesa;Stefa Bejol;Rafa Hargan;Grego Nuuran;Qaasim Varaan;Niqu Kadrim;Julius Caliya;Vitor Lemaur;Francesc Bejol;Sebas Hargan;Mati Caliya;Andria Nuuran;Bene Varaan;Ina Hargan;Joxan Hargan,2022 current squad
Hersatia,Hersatia,Arnaud Ferrand;Léo Bastian;Mathieu Ardouen;Hugo Vautier;Jules Beljolès;Marc Vivés;Tom Borne;Romain Prespiêr;Étienne Moncal;Pierre Riberac;Noah Aymé;Lucas Haudôme;Gabriel Veroen;Adrien Bastian;Théo Ferrand;Simon Darnay;Julien Cazal;Antoine Soler;Mathis Lagrange;Émile Vaudrin;Paul Merin;Yann Roussel;Sacha Auriol;Clément Vivés;Noé Bellard;Bastien Orsini,2022 current squad
Mercia,Mercia,Oliver Hart;Thomas Reed;Joshua King;Daniel Cross;Henry Waller;Samuel Brooke;Liam Mercer;Jack Fenwick;Ryan Dale;Peter Collins;Callum Shaw;Michael Trent;Ethan Ward;James Holloway;George Pierce;Nathan Brooks;Daniel Reeves;Adam Clarke;Ben Carter;Lewis Pritchard;Oliver Lane;Harry Collins;Mason Price;Tyler James;Isaac Bell;Sam Fletcher,2022 current squad
Zong,Zong,Yuen Kaifeng;Chen Zhiyu;Luo Hailun;Wong Zhenkai;Lin Yaoqing;Hu Junwei;Gao Mingyu;Tan Kaisheng;Zhu Chenghao;Qiu Ziheng;Xu Bowen;Li Xuan;Zheng Yifan;Huang Zhenyu;Zhao Wentai;Fang Jiahui;Peng Haoran;Su Minhao;Zhou Wenhao;Wu Zhaorong;Pan Yichen;He Zeming;Jiang Rui;Duan Kaixi;Qian Yuming;Shen Yuhang,2022 current squad
